Name,state,summit_elev,vertical_drop,trams,fastEight,fastSixes,fastQuads,quad,triple,double,surface,total_chairs,Runs,TerrainParks,LongestRun_mi,SkiableTerrain_ac,Snow Making_ac,daysOpenLastYear,yearsOpen,averageSnowfall,AdultWeekday,AdultWeekend,projectedDaysOpen,NightSkiing_ac,kmean_cluster
Alyeska Resort,Alaska,3939,2500,1,0.0,0,2,2,0,0,2,7,76.0,2.0,1.0,1610.0,113.0,150.0,60.0,669.0,65.0,85.0,150.0,550.0,2
Hilltop Ski Area,Alaska,2090,294,0,0.0,0,0,0,1,0,2,3,13.0,1.0,1.0,30.0,30.0,150.0,36.0,69.0,30.0,34.0,152.0,30.0,0
Arizona Snowbowl,Arizona,11500,2300,0,0.0,1,0,2,2,1,2,8,55.0,4.0,2.0,777.0,104.0,122.0,81.0,260.0,89.0,89.0,122.0,0.0,1
Sunrise Park Resort,Arizona,11100,1800,0,0.0,0,1,2,3,1,0,7,65.0,2.0,1.2,800.0,80.0,115.0,49.0,250.0,74.0,78.0,104.0,80.0,1
Yosemite Ski & Snowboard Area,California,7800,600,0,0.0,0,0,0,1,3,1,5,10.0,2.0,0.4,88.0,0.0,110.0,84.0,300.0,47.0,47.0,107.0,0.0,1
Dodge Ridge,California,8200,1600,0,0.0,0,0,1,2,5,4,12,67.0,5.0,2.0,862.0,0.0,111.67381974248929,69.0,350.0,78.0,78.0,140.0,0.0,1
Mt. Shasta Ski Park,California,6890,1435,0,0.0,0,0,0,3,0,1,4,32.0,2.0,1.1,425.0,225.0,140.0,34.0,300.0,49.0,59.0,130.0,0.0,1
Mountain High,California,8200,1600,0,0.0,0,2,2,2,5,3,14,59.0,1.0,1.6,290.0,275.0,118.0,95.0,108.0,84.0,84.0,150.0,73.0,1
Ski China Peak,California,8709,1679,0,0.0,0,0,1,4,2,4,11,45.0,1.0,2.2,1400.0,150.0,140.0,62.0,300.0,83.0,83.0,144.0,0.0,1
Snow Valley,California,7841,1041,0,0.0,0,0,0,5,6,1,12,28.0,6.0,1.2,240.0,188.0,111.0,82.0,160.0,69.0,79.0,143.0,164.0,1
Soda Springs,California,7352,652,0,0.0,0,0,0,1,1,2,4,18.0,0.0,0.4,200.0,20.0,150.0,83.0,400.0,50.0,50.0,144.0,0.0,1
Tahoe Donner,California,7350,600,0,0.0,0,0,1,1,0,3,5,14.0,2.0,1.0,120.0,0.0,150.0,48.0,400.0,69.0,69.0,144.0,0.0,1
Purgatory,Colorado,10822,2029,0,0.0,1,2,0,3,3,3,12,101.0,9.0,1.3,1605.0,250.0,130.0,54.0,260.0,89.0,89.0,130.0,0.0,1
Howelsen Hill,Colorado,7136,440,0,0.0,0,0,0,0,1,3,4,17.0,1.0,6.0,50.0,25.0,100.0,104.0,150.0,25.0,25.0,100.0,10.0,1
Monarch Mountain,Colorado,11952,1162,0,0.0,0,0,1,0,4,2,7,64.0,2.0,1.0,800.0,0.0,143.0,80.0,350.0,89.0,89.0,136.0,0.0,1
Powderhorn,Colorado,9850,1650,0,0.0,0,1,0,0,2,2,5,42.0,2.0,1.5,1600.0,42.0,111.0,53.0,250.0,71.0,71.0,110.0,0.0,1
Cooper,Colorado,11700,1200,0,0.0,0,0,0,1,1,2,4,41.0,1.0,1.0,400.0,0.0,130.0,74.0,260.0,56.0,56.0,130.0,0.0,1
Ski Granby Ranch,Colorado,9202,1000,0,0.0,0,2,0,1,1,1,5,40.0,1.0,0.6,406.0,170.0,116.0,36.0,220.0,84.0,84.0,92.0,100.0,1
Sunlight Mountain Resort,Colorado,9895,2010,0,0.0,0,0,0,1,2,0,3,67.0,1.0,2.5,680.0,30.0,100.0,53.0,250.0,65.0,65.0,135.0,0.0,1
Wolf Creek Ski Area,Colorado,11904,1604,0,0.0,0,3,1,2,1,3,10,120.0,0.0,2.0,1600.0,5.0,130.0,80.0,430.0,72.0,72.0,150.0,0.0,1
Mohawk Mountain,Connecticut,1600,650,0,0.0,0,0,0,5,0,3,8,25.0,0.0,1.5,107.0,100.0,111.67381974248929,72.0,92.0,30.0,65.0,110.0,64.0,0
Powder Ridge Park,Connecticut,720,550,0,0.0,0,0,0,1,2,2,5,19.0,4.0,0.5,80.0,68.0,80.0,60.0,80.0,45.0,55.0,100.0,40.0,0
Ski Sundown,Connecticut,1075,625,0,0.0,0,0,0,3,0,2,5,16.0,2.0,1.0,70.0,70.0,84.0,50.0,45.0,62.0,62.0,95.0,66.0,0
Bogus Basin,Idaho,7582,1800,0,0.0,0,3,0,1,3,4,11,91.0,3.0,1.5,2600.0,0.0,134.0,77.0,250.0,64.0,64.0,130.0,165.0,1
Brundage Mountain Resort,Idaho,7640,1800,0,0.0,0,1,0,4,0,1,6,51.0,2.0,3.2,1920.0,2.0,126.0,58.0,320.0,70.0,70.0,117.42796610169492,0.0,1
Lookout Pass Ski Area,Idaho,5650,1150,0,0.0,0,0,0,1,3,0,4,35.0,2.0,1.5,540.0,0.0,113.0,84.0,400.0,44.0,47.0,140.0,0.0,2
Magic Mountain Ski Area,Idaho,7200,700,0,0.0,0,0,0,0,1,2,3,11.0,0.0,1.5,280.0,0.0,65.0,81.0,180.0,32.0,32.0,70.0,0.0,1
Pebble Creek Ski Area,Idaho,8560,2200,0,0.0,0,0,0,3,0,0,3,54.0,2.0,1.3,1100.0,30.0,85.0,70.0,250.0,47.0,47.0,91.0,30.0,1
Schweitzer,Idaho,6400,2400,0,0.0,1,2,0,1,3,2,9,92.0,3.0,2.1,2900.0,47.0,136.0,56.0,300.0,81.0,81.0,117.42796610169492,100.0,1
Tamarack Resort,Idaho,7700,2800,0,0.0,0,2,2,0,0,2,6,48.0,3.0,1.5,1020.0,200.0,111.67381974248929,15.0,300.0,71.0,71.0,150.0,0.0,1
Chestnut Mountain Resort,Illinois,1040,475,0,0.0,0,0,2,4,0,3,9,22.0,3.0,0.2,139.0,139.0,87.0,60.0,50.0,40.0,55.0,112.0,139.0,0
Villa Olivia,Illinois,500,180,0,0.0,0,0,1,0,0,6,7,7.0,1.0,0.1,15.0,15.0,111.67381974248929,53.0,25.0,40.0,40.0,70.0,15.0,0
Paoli Peaks,Indiana,900,300,0,0.0,0,1,1,3,1,2,8,15.0,2.0,0.4,65.0,65.0,75.0,41.0,18.0,38.0,45.0,80.0,65.0,0
Perfect North Slopes,Indiana,800,400,0,0.0,0,0,2,3,0,6,11,23.0,2.0,1.0,100.0,100.0,82.0,39.0,24.0,52.0,52.0,90.0,100.0,0
Mt. Crescent Ski Area,Iowa,1500,300,0,0.0,0,0,1,0,1,0,2,11.0,1.0,0.2,50.0,50.0,111.67381974248929,58.0,30.0,29.0,39.0,117.42796610169492,50.0,0
Seven Oaks,Iowa,975,275,0,0.0,0,0,0,2,0,2,4,11.0,2.0,1.0,35.0,35.0,100.0,22.0,40.0,40.0,40.0,100.0,35.0,0
Sundown Mountain,Iowa,1059,475,0,0.0,0,0,1,1,2,2,6,21.0,2.0,0.6,55.0,55.0,111.67381974248929,46.0,45.0,38.0,46.0,117.42796610169492,55.0,0
Big Squaw Mountain Ski Resort,Maine,3200,660,0,0.0,0,0,0,1,0,0,1,29.0,0.0,0.8,626.9638989169674,0.0,67.0,6.0,175.17164179104478,30.0,30.0,58.0,0.0,2
Camden Snow Bowl,Maine,1080,850,0,0.0,0,0,0,1,1,1,3,26.0,2.0,1.0,100.0,48.0,68.0,83.0,69.0,33.0,43.0,70.0,48.0,0
Lost Valley,Maine,495,240,0,0.0,0,0,0,0,2,2,4,22.0,2.0,0.3,45.0,45.0,87.0,58.0,50.0,29.0,55.0,104.0,45.0,0
Mt. Abram Ski Resort,Maine,2250,1150,0,0.0,0,0,0,0,2,3,5,54.0,1.0,0.5,640.0,175.0,120.0,59.0,125.0,29.0,49.0,120.0,0.0,0
New Hermon Mountain,Maine,450,350,0,0.0,0,0,0,0,1,2,3,20.0,0.0,1.9,70.0,70.0,102.0,55.0,90.0,32.0,32.0,117.0,45.0,0
Shawnee Peak,Maine,1900,1350,0,0.0,0,0,1,2,1,2,6,43.0,3.0,0.8,239.0,234.0,97.0,81.0,110.0,55.0,75.0,103.0,110.0,0
Wisp,Maryland,3115,700,0,0.0,0,0,2,5,0,5,12,34.0,3.0,1.5,172.0,118.0,121.0,64.0,100.0,59.0,79.0,120.0,118.0,2
Berkshire East,Massachusetts,1720,1180,0,0.0,0,0,2,1,1,2,6,47.0,2.0,2.0,180.0,165.0,120.0,68.0,120.0,48.0,68.0,120.0,80.0,0
Blandford Ski Area,Massachusetts,1685,465,0,0.0,0,0,0,0,3,2,5,29.0,2.0,0.5,132.0,70.0,111.67381974248929,83.0,50.0,20.0,45.0,117.42796610169492,70.0,0
Blue Hills Ski Area,Massachusetts,635,309,0,0.0,0,0,0,0,1,3,4,16.0,1.0,1.3313868613138693,60.0,60.0,111.67381974248929,19.0,175.17164179104478,40.0,45.0,117.42796610169492,0.0,0
Bousquet Ski Area,Massachusetts,1875,750,0,0.0,0,0,0,0,3,2,5,23.0,1.0,1.0,200.0,98.0,111.67381974248929,19.0,83.0,25.0,49.0,117.42796610169492,100.0,0
Bradford Ski Area,Massachusetts,1548,248,0,0.0,0,0,0,2,0,8,10,15.0,1.0,0.3,48.0,48.0,111.67381974248929,71.0,175.17164179104478,37.0,55.0,117.42796610169492,0.0,0
Jiminy Peak,Massachusetts,2380,1150,0,0.0,1,0,2,3,1,2,9,45.0,3.0,2.0,167.0,163.0,121.0,71.0,90.0,81.0,81.0,120.0,104.0,0
Nashoba Valley,Massachusetts,440,240,0,0.0,0,0,0,3,1,7,11,17.0,2.0,0.5,52.0,52.0,112.0,55.0,55.0,48.0,58.0,126.0,52.0,0
Otis Ridge Ski Area,Massachusetts,1700,400,0,0.0,0,0,0,0,1,3,4,11.0,1.0,1.0,60.0,55.0,106.0,73.0,70.0,20.0,40.0,106.0,35.0,0
Ski Butternut,Massachusetts,1800,1000,0,0.0,0,0,3,1,1,6,11,22.0,2.0,1.5,110.0,110.0,107.0,56.0,115.0,25.0,60.0,110.0,0.0,0
Wachusett Mountain Ski Area,Massachusetts,2006,1000,0,0.0,0,3,0,1,0,4,8,27.0,2.0,1.5,112.0,112.0,111.67381974248929,57.0,100.0,65.0,71.0,120.0,104.0,0
Alpine Valley Ski Area,Michigan,500,240,0,0.0,0,0,1,2,5,6,14,25.0,3.0,0.2,100.0,100.0,111.67381974248929,57.0,20.0,39.0,47.0,117.42796610169492,100.0,0
Apple Mountain,Michigan,820,220,0,0.0,0,0,1,0,0,5,6,12.0,0.0,1.3313868613138693,80.0,42.0,111.67381974248929,58.0,52.0,35.0,35.0,117.42796610169492,80.0,0
Big Powderhorn Mountain,Michigan,1800,600,0,0.0,0,0,0,0,9,1,10,45.0,2.0,1.0,253.0,228.0,100.0,55.0,214.0,69.0,69.0,108.0,0.0,0
Bittersweet Ski Area,Michigan,850,350,0,0.0,0,0,1,7,0,4,12,20.0,2.0,0.2,100.0,100.0,80.0,36.0,90.0,38.0,48.0,117.42796610169492,100.0,0
Big Snow Resort - Blackjack,Michigan,850,465,0,0.0,0,0,0,0,4,2,6,26.0,2.0,1.0,170.0,86.0,95.0,42.0,210.0,49.0,65.0,115.0,0.0,0
Boyne Highlands,Michigan,1290,552,0,0.0,0,1,3,4,0,2,10,55.0,4.0,1.2,435.0,400.0,97.0,56.0,140.0,78.0,98.0,120.0,150.0,0
Caberfae Peaks,Michigan,1569,485,0,0.0,0,0,1,2,1,1,5,34.0,2.0,1.2,200.0,200.0,118.0,82.0,140.0,39.0,49.0,130.0,150.0,0
Cannonsburg,Michigan,1100,250,0,0.0,0,0,1,1,1,7,10,21.0,5.0,0.1,100.0,0.0,100.0,54.0,100.0,30.0,37.0,100.0,0.0,0
Crystal Mountain,Michigan,1132,375,0,0.0,0,1,3,2,0,2,8,58.0,3.0,0.3,102.0,96.0,120.0,63.0,132.0,54.0,64.0,135.0,56.0,0
Big Snow Resort - Indianhead Mountain,Michigan,1935,638,0,0.0,0,0,1,1,5,2,9,32.0,2.0,1.0,240.0,150.0,120.0,60.0,204.0,49.0,49.0,120.0,0.0,0
Mont Ripley,Michigan,1140,440,0,0.0,0,0,0,0,2,2,4,25.0,2.0,0.8,112.0,112.0,114.0,83.0,275.0,49.0,49.0,100.0,100.0,0
Mount Bohemia,Michigan,1500,900,0,0.0,0,0,0,1,1,0,2,43.38405797101449,0.0,2.3,585.0,0.0,83.0,19.0,273.0,68.0,68.0,100.0,0.0,0
Mt. Brighton,Michigan,1330,230,0,0.0,0,0,2,3,0,8,13,25.0,5.0,0.1,130.0,130.0,111.0,59.0,60.0,52.0,59.0,100.0,130.0,0
Mt. Holiday Ski Area,Michigan,440,200,0,0.0,0,0,0,0,2,2,4,12.0,0.0,0.1,45.0,45.0,100.0,70.0,120.0,22.0,34.0,90.0,45.0,0
Mount Holly,Michigan,1105,350,0,0.0,0,1,2,3,1,6,13,19.0,0.0,0.1,100.0,100.0,111.67381974248929,63.0,42.0,37.0,45.0,102.0,100.0,0
Mulligan's Hollow Ski Bowl,Michigan,700,130,0,0.0,0,0,0,0,0,5,5,6.0,0.0,0.2,10.0,10.0,111.67381974248929,19.0,60.0,15.0,20.0,117.42796610169492,10.0,0
Nubs Nob Ski Area,Michigan,1338,427,0,0.0,0,0,3,4,2,1,10,53.0,3.0,0.9,248.0,248.0,133.0,61.0,135.0,65.0,85.0,130.0,160.0,0
Pine Knob Ski Resort,Michigan,1308,300,0,0.0,0,0,0,0,0,6,6,14.0,3.0,1.0,80.0,80.0,111.67381974248929,1.0,175.17164179104478,49.0,57.0,117.42796610169492,0.0,0
Schuss Mountain at Shanty Creek,Michigan,1125,450,0,0.0,0,0,5,0,0,3,8,42.0,3.0,1.0,70.0,70.0,94.0,57.0,160.0,58.0,78.0,111.0,70.0,0
Snow Snake Mountain Ski Area,Michigan,1230,210,0,0.0,0,0,0,1,0,5,6,12.0,2.0,0.0,40.0,40.0,111.67381974248929,72.0,175.17164179104478,30.0,35.0,117.42796610169492,40.0,0
Swiss Valley,Michigan,1200,225,0,0.0,0,0,2,1,0,4,7,11.0,2.0,0.1,60.0,60.0,89.0,51.0,60.0,32.0,42.0,80.0,60.0,0
Timber Ridge,Michigan,850,250,0,0.0,0,0,1,1,2,4,8,16.0,2.0,0.3,50.0,50.0,80.0,58.0,175.17164179104478,35.0,45.0,117.42796610169492,50.0,0
Afton Alps,Minnesota,1530,350,0,0.0,0,0,1,3,14,4,22,48.0,5.0,0.5,250.0,250.0,135.0,56.0,60.0,55.0,60.0,135.0,250.0,0
Andes Tower Hills Ski Area,Minnesota,1620,290,0,0.0,0,0,1,2,0,3,6,15.0,2.0,0.2,35.0,35.0,100.0,38.0,55.0,45.0,45.0,110.0,35.0,0
Buck Hill,Minnesota,1225,309,0,0.0,0,0,2,1,0,5,8,16.0,0.0,0.2,45.0,45.0,115.0,65.0,60.0,34.0,47.0,112.0,45.0,0
Elm Creek Winter Recreation Area,Minnesota,928,60,0,0.0,0,0,0,0,0,3,3,3.0,0.0,1.0,15.0,20.0,105.0,13.0,45.0,17.0,17.0,102.0,15.0,0
Giants Ridge Resort,Minnesota,1972,500,0,0.0,0,1,1,1,2,2,7,35.0,2.0,0.8,202.0,202.0,120.0,35.0,85.0,49.0,58.0,125.0,121.0,0
Hyland Ski & Snowboard Area,Minnesota,1075,175,0,0.0,0,0,2,1,0,5,8,14.0,1.0,1.0,35.0,35.0,110.0,61.0,55.0,35.34,35.34,115.0,35.0,0
Lutsen Mountains,Minnesota,1688,825,1,0.0,1,0,0,1,4,1,8,62.0,2.0,2.0,393.0,231.0,135.0,71.0,120.0,84.0,84.0,127.0,0.0,0
Mount Kato Ski Area,Minnesota,540,240,0,0.0,0,0,5,0,3,2,10,19.0,4.0,1.0,55.0,55.0,115.0,43.0,50.0,34.0,46.0,120.0,50.0,0
Powder Ridge Ski Area,Minnesota,790,300,0,0.0,0,0,1,0,2,3,6,15.0,4.0,1.3313868613138693,60.0,60.0,97.0,58.0,45.0,36.0,48.0,113.0,60.0,0
Spirit Mountain,Minnesota,1320,700,0,0.0,0,1,1,2,1,2,7,22.0,3.0,1.0,175.0,175.0,100.0,45.0,100.0,59.0,59.0,125.0,144.0,0
Welch Village,Minnesota,1060,360,0,0.0,0,0,3,1,4,2,10,50.0,1.0,0.8,125.0,125.0,114.0,54.0,45.0,54.0,60.0,122.0,100.0,0
Wild Mountain Ski & Snowboard Area,Minnesota,1113,300,0,0.0,0,0,4,0,0,4,8,26.0,4.0,0.9,100.0,100.0,130.0,47.0,50.0,55.0,55.0,140.0,100.0,0
Hidden Valley Ski Area,Missouri,2566,310,0,0.0,0,0,2,2,0,3,7,17.0,0.0,0.1,30.0,30.0,111.67381974248929,37.0,26.0,49.0,49.0,117.42796610169492,17.0,0
Snow Creek,Missouri,1100,300,0,0.0,0,0,0,2,1,2,5,14.0,2.0,0.3,30.0,30.0,69.0,33.0,20.0,37.0,47.0,85.0,30.0,0
Blacktail Mountain Ski Area,Montana,6676,1440,0,0.0,0,0,0,1,2,1,4,27.0,0.0,0.7,1000.0,0.0,111.67381974248929,21.0,250.0,42.0,42.0,117.42796610169492,0.0,1
Bridger Bowl,Montana,8700,2600,0,0.0,0,0,1,6,1,3,11,105.0,2.0,1.5,2000.0,100.0,122.0,64.0,350.0,63.0,63.0,133.0,0.0,1
Discovery Ski Area,Montana,8150,2380,0,0.0,0,0,0,5,2,1,8,74.0,1.0,1.5,2400.0,25.0,116.0,46.0,225.0,49.0,49.0,116.0,0.0,1
Great Divide,Montana,7330,1580,0,0.0,0,0,0,0,5,1,6,110.0,6.0,3.0,1600.0,150.0,94.0,78.0,180.0,48.0,48.0,100.0,100.0,1
Lost Trail - Powder Mtn,Montana,8200,1800,0,0.0,0,0,0,0,5,3,8,69.0,2.0,2.5,1800.0,0.0,84.0,81.0,325.0,46.0,46.0,80.0,0.0,1
Maverick Mountain,Montana,8520,2020,0,0.0,0,0,0,0,1,1,2,22.0,0.0,1.3,255.0,0.0,111.67381974248929,83.0,160.0,39.0,39.0,117.42796610169492,0.0,1
Montana Snowbowl,Montana,7600,2600,0,0.0,0,0,0,0,2,2,4,37.0,0.0,1.2,950.0,20.0,111.67381974248929,58.0,300.0,50.0,50.0,117.42796610169492,10.0,1
Red Lodge Mountain,Montana,9416,2400,0,0.0,0,2,0,1,3,1,7,70.0,2.0,2.5,1635.0,496.0,142.0,59.0,250.0,67.0,67.0,136.0,0.0,1
Showdown Montana,Montana,8200,1400,0,0.0,0,0,0,1,2,1,4,36.0,1.0,1.8,640.0,0.0,86.0,83.0,250.0,47.0,47.0,85.0,0.0,1
Big Mountain Resort,Montana,6817,2353,0,0.0,0,3,2,6,0,3,14,105.0,4.0,3.3,3000.0,600.0,123.0,72.0,333.0,81.0,81.0,123.0,600.0,1
Diamond Peak,Nevada,8540,1840,0,0.0,0,1,2,0,3,1,7,30.0,3.0,2.5,655.0,492.0,100.0,53.0,300.0,89.0,99.0,122.0,0.0,1
Lee Canyon,Nevada,11289,860,0,0.0,0,0,2,1,0,0,3,24.0,1.0,0.3,195.0,50.0,144.0,56.0,161.0,70.0,70.0,150.0,0.0,1
Attitash,New Hampshire,2350,1750,0,0.0,0,2,1,3,2,1,9,68.0,3.0,3.0,311.0,240.0,115.0,54.0,120.0,79.0,89.0,130.0,0.0,0
Black Mountain,New Hampshire,2350,1100,0,0.0,0,0,0,1,1,3,5,45.0,0.0,1.6,143.0,120.0,110.0,84.0,125.0,45.0,59.0,107.0,0.0,0
Cannon Mountain,New Hampshire,4080,2180,1,0.0,0,1,2,3,1,3,11,97.0,3.0,2.3,285.0,192.0,124.0,81.0,160.0,79.0,79.0,143.0,0.0,2
Crotched Mountain,New Hampshire,2066,1016,0,0.0,0,1,1,1,1,1,5,25.0,3.0,1.2,100.0,100.0,105.0,16.0,105.0,55.0,69.0,100.0,100.0,0
Dartmouth Skiway,New Hampshire,1943,969,0,0.0,0,0,1,0,1,2,4,28.0,1.0,1.1,107.0,54.0,104.0,63.0,100.0,50.0,50.0,105.0,0.0,0
Gunstock,New Hampshire,2300,1400,0,0.0,0,1,2,2,0,1,6,55.0,4.0,1.5,227.0,176.0,106.0,82.0,120.0,80.0,92.0,117.42796610169492,60.0,0
King Pine,New Hampshire,850,350,0,0.0,0,0,0,3,0,3,6,17.0,2.0,0.3,48.0,45.0,105.0,57.0,120.0,42.0,58.0,107.0,23.0,0
Mount Sunapee,New Hampshire,2743,1510,0,0.0,0,2,1,2,1,4,10,66.0,4.0,0.8,232.0,215.0,130.0,71.0,100.0,83.0,93.0,136.0,0.0,2
Pats Peak,New Hampshire,1460,770,0,0.0,0,0,0,4,2,5,11,28.0,3.0,1.5,115.0,115.0,109.0,56.0,100.0,58.0,72.0,112.0,93.0,0
Ragged Mountain Resort,New Hampshire,2250,1250,0,0.0,1,1,0,1,0,3,6,57.0,3.0,0.7,250.0,200.0,111.67381974248929,54.0,100.0,74.0,84.0,140.0,0.0,0
Waterville Valley,New Hampshire,4004,2020,0,0.0,0,2,0,2,3,4,11,62.0,4.0,1.9,265.0,220.0,142.0,54.0,148.0,79.0,93.0,142.0,0.0,2
Whaleback Mountain,New Hampshire,1800,700,0,0.0,0,0,0,0,1,3,4,30.0,1.0,1.0,85.0,60.0,105.0,64.0,110.0,30.0,45.0,105.0,55.0,0
Wildcat Mountain,New Hampshire,4062,2112,0,0.0,0,1,0,3,0,1,5,48.0,0.0,2.8,225.0,200.0,156.0,61.0,200.0,79.0,89.0,150.0,0.0,2
Mountain Creek Resort,New Jersey,1480,1040,1,0.0,0,2,2,1,1,3,10,46.0,3.0,2.0,167.0,167.0,90.0,54.0,65.0,79.99,79.99,100.0,167.0,0
Angel Fire Resort,New Mexico,10677,2077,0,0.0,0,2,0,0,3,2,7,81.0,3.0,3.0,560.0,230.0,101.0,53.0,210.0,77.0,77.0,101.0,50.0,1
Enchanted Forest Ski Area,New Mexico,10078,400,0,0.0,0,0,0,0,0,0,0,33.0,0.0,2.5,600.0,0.0,130.0,34.0,240.0,20.0,20.0,140.0,0.0,1
Pajarito Mountain Ski Area,New Mexico,10441,1410,0,0.0,0,0,1,1,3,1,6,45.0,2.0,0.6,750.0,35.0,89.0,62.0,163.0,49.0,49.0,117.0,0.0,1
Red River,New Mexico,10350,1600,0,0.0,0,0,1,3,1,2,7,63.0,3.0,2.5,209.0,0.0,110.0,60.0,214.0,79.0,79.0,117.42796610169492,0.0,1
Sipapu Ski Resort,New Mexico,9255,1055,0,0.0,0,0,1,2,0,3,6,42.0,4.0,0.5,200.0,140.0,127.0,67.0,190.0,47.0,47.0,143.0,0.0,1
Ski Apache,New Mexico,11500,1900,1,0.0,0,0,2,6,0,2,11,55.0,3.0,2.0,750.0,270.0,133.0,58.0,185.0,74.0,74.0,124.0,0.0,1
Ski Santa Fe,New Mexico,12075,1725,0,0.0,0,0,1,2,2,2,7,83.0,1.0,3.0,660.0,275.0,107.0,73.0,225.0,80.0,80.0,130.0,0.0,1
Taos Ski Valley,New Mexico,12481,3281,1,0.0,0,1,3,4,1,4,14,111.0,1.0,5.0,1294.0,647.0,137.0,64.0,300.0,110.0,110.0,136.0,0.0,1
Belleayre,New York,3429,1404,1,0.0,0,1,1,1,2,2,8,50.0,2.0,2.2,175.0,168.0,154.0,70.0,130.0,60.0,72.0,150.0,0.0,2
Brantling Ski Slopes,New York,850,250,0,0.0,0,0,0,0,0,5,5,10.0,0.0,0.1,20.0,16.0,111.67381974248929,19.0,110.0,32.0,32.0,117.42796610169492,0.0,0
Bristol Mountain,New York,2200,1200,0,0.0,0,2,1,1,1,1,6,34.0,3.0,2.0,160.0,148.0,129.0,55.0,60.0,65.0,76.0,129.0,154.0,0
Buffalo Ski Club Ski Area,New York,3429,500,0,0.0,0,0,0,0,2,4,6,43.0,1.0,1.3313868613138693,225.0,150.0,111.67381974248929,12.0,175.17164179104478,35.0,50.0,117.42796610169492,100.0,2
Catamount,New York,2000,1000,0,0.0,0,0,1,1,2,3,7,36.0,5.0,2.0,133.0,130.0,100.0,80.0,108.0,38.0,69.0,90.0,55.0,0
Gore Mountain,New York,3600,2537,1,0.0,0,2,2,3,2,4,14,110.0,7.0,4.5,439.0,338.0,142.0,55.0,150.0,80.0,88.0,117.42796610169492,15.0,2
Greek Peak,New York,2100,952,0,0.0,0,0,1,1,4,2,8,56.0,4.0,1.5,220.0,184.0,110.0,62.0,122.0,49.0,63.2,113.0,175.0,0
Holiday Mountain,New York,1550,400,0,0.0,0,0,1,0,1,2,4,9.0,0.0,0.4,37.0,37.0,75.0,60.0,50.0,27.0,42.0,85.0,37.0,0
Holiday Valley,New York,2250,750,0,0.0,0,3,8,0,0,2,13,60.0,5.0,1.0,290.0,266.0,116.0,62.0,180.0,65.0,78.0,129.0,189.0,0
Holimont Ski Area,New York,2260,700,0,0.0,0,1,1,2,3,1,8,53.0,3.0,1.5,135.0,135.0,110.0,57.0,180.0,62.0,75.0,119.0,0.0,0
Hunt Hollow Ski Club,New York,2030,825,0,0.0,0,0,0,1,1,1,3,19.0,1.0,1.0,400.0,400.0,111.67381974248929,52.0,130.0,48.0,58.0,75.0,400.0,0
Hunter Mountain,New York,3200,1600,0,0.0,2,1,2,2,2,4,13,67.0,4.0,2.0,320.0,320.0,148.0,59.0,120.0,79.0,89.0,155.0,0.0,2
Kissing Bridge,New York,1700,550,0,0.0,0,0,2,1,4,3,10,39.0,5.0,0.5,700.0,550.0,103.0,59.0,120.0,40.0,60.0,100.0,650.0,0
Labrador Mt.,New York,1825,700,0,0.0,0,0,0,1,2,1,4,23.0,1.0,1.0,250.0,237.0,111.67381974248929,62.0,125.0,59.0,59.0,100.0,180.0,0
Maple Ski Ridge,New York,1200,450,0,0.0,0,0,0,1,1,1,3,10.0,0.0,0.3,25.0,25.0,111.67381974248929,57.0,175.17164179104478,26.0,38.0,117.42796610169492,20.0,0
McCauley Mountain Ski Center,New York,2250,633,0,0.0,0,0,0,0,1,4,5,23.0,1.0,0.3,70.0,55.0,105.0,61.0,200.0,20.0,30.0,105.0,0.0,0
Mount Peter Ski Area,New York,1250,450,0,0.0,0,0,1,0,2,2,5,14.0,1.0,1.0,69.0,69.0,100.0,83.0,50.0,35.0,54.0,100.0,69.0,0
Oak Mountain,New York,2400,650,0,0.0,0,0,1,0,0,3,4,22.0,1.0,1.2,46.0,18.0,111.67381974248929,71.0,120.0,40.0,40.0,117.42796610169492,12.0,0
Peek'n Peak,New York,1800,400,0,0.0,0,0,0,8,0,2,10,27.0,4.0,2.4,110.0,110.0,110.0,55.0,225.0,49.0,63.0,117.42796610169492,110.0,0
Plattekill Mountain,New York,3500,1100,0,0.0,0,0,0,1,1,2,4,38.0,1.0,2.0,110.0,75.0,65.0,26.0,175.0,50.0,67.0,65.0,0.0,2
Royal Mountain Ski Area,New York,1800,550,0,0.0,0,0,0,0,3,0,3,14.0,0.0,0.3,35.0,28.0,111.67381974248929,63.0,90.0,45.0,45.0,117.42796610169492,0.0,0
Snow Ridge,New York,2000,650,0,0.0,0,0,0,0,4,2,6,21.0,2.0,0.8,130.0,65.0,73.0,74.0,230.0,38.0,48.0,100.0,40.0,0
Song Mountain,New York,1940,700,0,0.0,0,0,0,1,1,3,5,24.0,0.0,0.4,93.0,70.0,90.0,55.0,125.0,59.0,59.0,122.0,70.0,0
Swain,New York,1970,650,0,0.0,0,0,3,0,1,1,5,35.0,3.0,1.0,130.0,90.0,102.0,72.0,120.0,49.0,59.0,100.0,80.0,0
Titus Mountain,New York,2025,1200,0,0.0,0,0,0,2,6,2,10,50.0,3.0,2.0,200.0,150.0,101.0,59.0,150.0,39.0,49.0,100.0,70.0,0
Toggenburg Mountain,New York,2000,700,0,0.0,0,0,0,1,1,3,5,22.0,2.0,0.4,85.0,0.0,111.67381974248929,66.0,130.0,55.0,55.0,122.0,73.0,0
West Mountain,New York,1470,1010,0,0.0,0,0,0,1,2,2,5,29.0,1.0,0.6,124.0,105.0,111.67381974248929,58.0,80.0,49.0,59.0,120.0,105.0,0
Whiteface Mountain Resort,New York,4650,3430,1,0.0,0,1,1,2,5,2,12,86.0,5.0,2.1,288.0,220.0,122.0,61.0,168.0,96.0,96.0,141.0,0.0,2
Willard Mountain,New York,1415,505,0,0.0,0,0,0,0,2,3,5,16.0,0.0,0.4,50.0,35.0,85.0,19.0,80.0,46.0,46.0,120.0,35.0,0
Windham Mountain,New York,3100,1600,0,0.0,1,2,0,3,1,5,12,54.0,6.0,2.0,285.0,280.0,123.0,59.0,105.0,85.0,95.0,130.0,56.0,2
Woods Valley Ski Area,New York,1400,500,0,0.0,0,0,0,0,2,4,6,21.0,0.0,0.3,25.0,16.0,111.67381974248929,55.0,180.0,31.0,39.0,117.42796610169492,15.0,0
Appalachian Ski Mountain,North Carolina,4000,365,0,0.0,0,0,2,0,1,2,5,12.0,3.0,0.5,27.0,27.0,100.0,57.0,50.0,40.0,64.0,100.0,27.0,2
Cataloochee Ski Area,North Carolina,5400,740,0,0.0,0,0,1,1,1,2,5,18.0,2.0,1.0,50.0,50.0,141.0,58.0,50.0,43.0,70.0,108.0,50.0,2
Beech Mountain Resort,North Carolina,5506,830,0,0.0,0,0,3,0,3,2,8,17.0,1.0,1.0,95.0,95.0,98.0,52.0,31.0,41.0,68.0,117.42796610169492,95.0,2
Sugar Mountain Resort,North Carolina,5300,1200,0,0.0,1,0,0,1,4,2,8,21.0,1.0,1.5,125.0,125.0,114.0,50.0,77.0,45.0,75.0,120.0,95.0,2
Wolf Ridge Ski Resort,North Carolina,4700,720,0,0.0,0,0,1,0,1,2,4,15.0,1.0,0.6,65.0,65.0,111.67381974248929,49.0,65.0,42.0,65.0,100.0,60.0,2
Alpine Valley,Ohio,1500,230,0,0.0,0,0,1,2,1,1,5,11.0,1.0,0.2,72.0,72.0,105.0,53.0,120.0,43.0,43.0,117.42796610169492,72.0,0
Boston Mills,Ohio,871,264,0,0.0,0,0,0,4,2,2,8,7.0,2.0,0.3,40.0,40.0,92.0,56.0,51.0,44.0,44.0,110.0,40.0,0
Brandywine,Ohio,871,240,0,0.0,0,0,2,7,2,5,16,11.0,2.0,0.3,85.0,85.0,92.0,56.0,51.0,44.0,44.0,110.0,85.0,0
Mad River Mountain,Ohio,1460,300,0,0.0,0,0,1,2,3,6,12,20.0,4.0,0.5,144.0,144.0,99.0,57.0,36.0,39.0,44.0,90.0,144.0,0
Snow Trails,Ohio,1475,301,0,0.0,0,0,0,4,2,3,9,17.0,3.0,0.2,80.0,80.0,101.0,58.0,50.0,41.0,52.0,70.0,80.0,0
Anthony Lakes Mountain Resort,Oregon,8000,900,0,0.0,0,0,0,1,0,2,3,21.0,2.0,1.5,1100.0,0.0,75.0,56.0,300.0,40.0,40.0,80.0,0.0,1
Cooper Spur,Oregon,4000,350,0,0.0,0,0,0,0,1,1,2,10.0,0.0,0.1,50.0,0.0,78.0,66.0,100.0,39.0,39.0,90.0,0.0,2
Hoodoo Ski Area,Oregon,5703,1035,0,0.0,0,0,3,1,1,0,5,34.0,0.0,0.4,806.0,0.0,80.0,81.0,350.0,59.0,59.0,108.0,200.0,2
Mt. Ashland,Oregon,7533,1150,0,0.0,0,0,0,2,2,1,5,23.0,2.0,1.0,220.0,0.0,94.0,55.0,300.0,45.0,52.0,92.0,40.0,1
Mt. Hood Skibowl,Oregon,5100,1500,0,0.0,0,0,0,0,4,5,9,65.0,2.0,3.0,960.0,29.0,125.0,82.0,300.0,70.0,70.0,144.0,317.0,2
Bear Creek Mountain Resort,Pennsylvania,1100,510,0,0.0,0,0,3,1,0,2,6,23.0,3.0,1.0,86.0,86.0,91.0,52.0,30.0,50.0,60.0,90.0,86.0,0
Ski Big Bear,Pennsylvania,1250,650,0,0.0,0,0,0,0,4,2,6,18.0,1.0,1.5,26.0,26.0,75.0,43.0,69.0,50.0,62.0,75.0,26.0,0
Big Boulder,Pennsylvania,2175,600,0,0.0,0,0,0,2,5,1,8,16.0,8.0,1.3313868613138693,55.0,55.0,76.0,72.0,50.0,50.0,65.0,95.0,55.0,0
Blue Knob,Pennsylvania,3146,1072,0,0.0,0,0,0,2,2,2,6,34.0,1.0,2.0,100.0,84.0,87.0,56.0,120.0,43.0,68.0,105.0,42.0,2
Blue Mountain Resort,Pennsylvania,1600,1082,0,0.0,1,1,1,1,3,9,16,39.0,5.0,1.2,164.0,164.0,122.0,42.0,33.0,55.0,65.0,112.0,164.0,0
Camelback Mountain Resort,Pennsylvania,2100,800,0,0.0,0,2,0,3,5,6,16,37.0,5.0,1.0,166.0,166.0,100.0,56.0,50.0,55.0,70.0,100.0,160.0,0
Elk Mountain Ski Resort,Pennsylvania,2693,1000,0,0.0,0,0,1,0,5,1,7,27.0,2.0,0.7,180.0,146.0,111.67381974248929,60.0,60.0,55.0,69.0,100.0,90.0,0
Jack Frost,Pennsylvania,2000,600,0,0.0,0,0,1,2,5,1,9,20.0,1.0,1.0,100.0,100.0,96.0,47.0,50.0,50.0,65.0,105.0,0.0,0
Liberty,Pennsylvania,1190,620,0,0.0,0,0,5,0,0,3,8,16.0,3.0,1.0,100.0,100.0,107.0,54.0,31.0,67.0,77.0,97.0,100.0,0
Mount Pleasant of Edinboro,Pennsylvania,1540,340,0,0.0,0,0,0,1,0,1,2,10.0,0.0,0.5,40.0,35.0,75.0,48.0,100.0,30.0,33.0,90.0,35.0,0
Roundtop Mountain Resort,Pennsylvania,1400,600,0,0.0,0,0,3,2,0,3,8,20.0,2.0,0.4,103.0,103.0,111.67381974248929,55.0,30.0,63.0,73.0,117.42796610169492,100.0,0
Seven Springs,Pennsylvania,2994,750,0,0.0,2,0,3,5,0,4,14,33.0,7.0,1.2,285.0,285.0,99.0,87.0,135.0,67.0,87.0,115.0,200.0,2
Shawnee Mountain Ski Area,Pennsylvania,1350,700,0,0.0,0,1,1,0,4,4,10,23.0,2.0,1.6,125.0,125.0,100.0,44.0,50.0,55.0,65.0,122.0,120.0,0
Ski Sawmill,Pennsylvania,2215,515,0,0.0,0,0,0,1,1,3,5,14.0,1.0,0.1,15.0,13.0,111.67381974248929,50.0,24.0,30.0,44.0,90.0,15.0,0
Tussey Mountain,Pennsylvania,1750,520,0,0.0,0,0,1,0,1,3,5,8.0,1.0,0.3,38.0,30.0,100.0,39.0,41.0,40.0,45.0,100.0,30.0,0
Whitetail Resort,Pennsylvania,1800,935,0,0.0,0,1,3,0,2,2,8,23.0,2.0,1.0,120.0,120.0,116.0,28.0,40.0,69.0,71.0,100.0,120.0,0
Deer Mountain Ski Resort,South Dakota,6850,940,0,0.0,0,0,0,1,1,2,4,63.0,2.0,1.6,500.0,50.0,69.0,51.0,200.0,45.0,45.0,81.0,0.0,1
Terry Peak Ski Area,South Dakota,7100,1100,0,0.0,0,3,0,1,0,1,5,30.0,1.0,1.2,450.0,225.0,114.0,65.0,150.0,58.0,58.0,120.0,0.0,1
Ober Gatlinburg Ski Resort,Tennessee,3300,600,0,0.0,0,0,2,0,1,1,4,10.0,1.0,1.0,626.9638989169674,0.0,83.0,44.0,35.0,36.0,65.0,94.0,0.0,2
Alta Ski Area,Utah,11068,2538,0,0.0,0,3,0,1,2,0,6,116.0,0.0,1.3,2614.0,140.0,150.0,81.0,545.0,116.0,116.0,140.0,0.0,1
Beaver Mountain,Utah,8600,1600,0,0.0,0,0,0,1,3,1,5,48.0,2.0,0.8,464.0,0.0,120.0,81.0,400.0,50.0,50.0,120.0,0.0,1
Brian Head Resort,Utah,10970,1548,0,0.0,0,1,0,6,1,0,8,71.0,2.0,0.6,650.0,216.0,149.0,54.0,360.0,42.0,59.0,148.0,0.0,1
Brighton Resort,Utah,10500,1745,0,0.0,0,3,1,1,0,2,7,66.0,4.0,1.2,1050.0,200.0,138.0,83.0,500.0,85.0,85.0,138.0,200.0,1
Eagle Point,Utah,10600,1500,0,0.0,0,0,1,1,2,1,5,40.0,1.0,0.9,650.0,0.0,111.67381974248929,9.0,400.0,45.0,60.0,109.0,0.0,1
Powder Mountain,Utah,9422,2522,0,0.0,0,1,4,1,0,3,9,167.0,2.0,3.5,8464.0,0.0,120.0,47.0,500.0,88.0,88.0,146.0,300.0,1
Snowbasin,Utah,9350,2900,3,0.0,1,2,0,3,0,2,11,107.0,4.0,3.5,3000.0,625.0,143.0,79.0,300.0,115.0,115.0,138.0,0.0,1
Sundance,Utah,8250,2150,0,0.0,0,0,2,2,0,1,5,45.0,1.0,0.6,450.0,112.0,128.0,50.0,320.0,80.0,80.0,129.0,0.0,1
Nordic Valley Resort,Utah,6400,960,0,0.0,0,0,0,0,2,2,4,23.0,1.0,0.4,140.0,84.0,105.0,51.0,300.0,45.0,50.0,105.0,140.0,2
Bolton Valley,Vermont,3150,1704,0,0.0,0,0,2,0,3,1,6,71.0,3.0,0.6,300.0,90.0,133.0,53.0,300.0,69.0,79.0,132.0,50.0,2
Bromley Mountain,Vermont,3284,1334,0,0.0,0,1,1,0,4,3,9,47.0,1.0,2.5,178.0,153.0,111.67381974248929,83.0,168.0,87.0,91.0,152.0,0.0,2
Burke Mountain,Vermont,3267,2011,0,0.0,0,2,1,0,0,3,6,50.0,3.0,2.2,178.0,125.0,110.0,62.0,217.0,73.0,73.0,125.0,0.0,2
Jay Peak,Vermont,3968,2153,1,0.0,0,1,3,1,1,2,9,79.0,2.0,3.0,385.0,300.0,155.0,64.0,349.0,89.0,89.0,160.0,0.0,2
Magic Mountain,Vermont,2850,1500,0,0.0,0,0,0,0,3,3,6,50.0,1.0,1.6,205.0,95.0,76.0,59.0,150.0,74.0,74.0,80.0,0.0,2
Pico Mountain,Vermont,3967,1967,0,0.0,0,2,0,2,2,1,7,59.0,1.0,4.0,260.0,156.0,111.67381974248929,82.0,250.0,81.0,81.0,117.42796610169492,0.0,2
Smugglers' Notch Resort,Vermont,3640,2610,0,0.0,0,0,0,0,6,2,8,78.0,6.0,3.0,1000.0,192.0,136.0,63.0,280.0,79.0,79.0,135.0,0.0,2
Suicide Six,Vermont,1200,650,0,0.0,0,0,0,0,2,1,3,24.0,0.0,0.4,100.0,50.0,100.0,85.0,90.0,45.0,75.0,106.0,0.0,0
Bryce Resort,Virginia,1750,500,0,0.0,0,0,1,0,1,5,7,8.0,0.0,0.4,25.0,25.0,100.0,54.0,30.0,43.0,68.0,95.0,20.0,0
49 Degrees North,Washington,5774,1851,0,0.0,0,0,1,0,5,1,7,89.0,1.0,2.0,2325.0,0.0,101.0,48.0,301.0,62.0,62.0,135.0,250.0,2
Bluewood,Washington,5670,1125,0,0.0,0,0,0,2,0,1,3,24.0,2.0,2.0,355.0,0.0,70.0,40.0,300.0,42.0,47.0,110.0,0.0,2
Crystal Mountain,Washington,7012,3100,1,0.0,2,2,1,2,2,0,10,57.0,1.0,2.5,2600.0,10.0,111.67381974248929,57.0,486.0,99.0,99.0,117.42796610169492,0.0,1
Mt. Baker,Washington,5000,1500,0,0.0,0,0,8,0,0,2,10,38.0,0.0,0.7,1000.0,0.0,143.0,66.0,663.0,53.75,60.01,165.0,0.0,2
Mt. Spokane Ski and Snowboard Park,Washington,5889,2000,0,0.0,0,0,0,1,5,1,7,52.0,3.0,0.6,1704.0,0.0,100.0,81.0,300.0,45.0,59.0,103.0,45.0,2
The Summit at Snoqualmie,Washington,3865,1025,0,0.0,0,3,3,4,10,7,27,112.0,5.0,0.8,1994.0,5.0,120.0,82.0,428.0,85.0,95.0,140.0,541.0,2
White Pass,Washington,6550,2050,0,0.0,0,2,1,1,2,2,8,45.0,2.0,2.5,1402.0,30.0,148.0,67.0,400.0,69.0,69.0,144.0,90.0,1
Canaan Valley Resort,West Virginia,4280,850,0,0.0,0,0,1,2,0,1,4,47.0,1.0,1.2,95.0,75.0,111.67381974248929,48.0,160.0,52.0,68.0,93.0,0.0,2
Snowshoe Mountain Resort,West Virginia,4848,1500,0,0.0,0,3,2,6,0,3,14,60.0,5.0,1.5,257.0,257.0,125.0,46.0,180.0,70.0,87.0,138.0,86.0,2
Timberline Four Seasons,West Virginia,4265,1000,0,0.0,0,0,0,2,1,1,4,40.0,1.0,2.0,100.0,100.0,97.0,37.0,150.0,72.0,92.0,115.0,27.0,2
Winterplace Ski Resort,West Virginia,3600,603,0,0.0,0,0,2,3,2,2,9,27.0,2.0,1.2,90.0,90.0,120.0,36.0,100.0,56.0,72.0,120.0,74.0,2
Alpine Valley Resort,Wisconsin,1040,388,0,0.0,0,3,0,3,1,5,12,21.0,3.0,0.2,90.0,90.0,100.0,55.0,80.0,56.0,65.0,120.0,90.0,0
Cascade Mountain,Wisconsin,1280,460,0,0.0,0,2,2,3,2,3,12,47.0,4.0,1.1,175.0,175.0,120.0,57.0,56.0,59.0,64.0,120.0,0.0,0
Christie Mountain,Wisconsin,1650,350,0,0.0,0,0,0,0,1,5,6,30.0,4.0,0.8,45.0,41.0,92.0,43.0,48.0,28.0,38.0,120.0,35.0,0
Devils Head,Wisconsin,995,500,0,0.0,0,0,3,1,6,2,12,27.0,1.0,1.0,260.0,260.0,110.0,48.0,45.0,45.0,65.0,135.0,200.0,0
Grand Geneva,Wisconsin,1086,211,0,0.0,0,0,0,0,3,3,6,20.0,1.0,0.2,30.0,30.0,90.0,25.0,25.0,28.0,49.0,93.0,30.0,0
Granite Peak Ski Area,Wisconsin,1942,700,0,0.0,1,2,0,2,0,2,7,75.0,4.0,0.6,220.0,160.0,136.0,82.0,75.0,92.0,92.0,135.0,200.0,0
Little Switzerland,Wisconsin,1269,200,0,0.0,0,0,0,0,4,4,8,18.0,3.0,1.0,50.0,50.0,111.67381974248929,64.9568345323741,175.17164179104478,33.0,41.0,117.42796610169492,50.0,0
Mount La Crosse,Wisconsin,1110,516,0,0.0,0,0,0,0,3,1,4,19.0,1.0,0.4,100.0,100.0,115.0,60.0,40.0,56.0,56.0,100.0,90.0,0
Sunburst,Wisconsin,1100,214,0,0.0,0,0,0,0,3,6,9,13.0,4.0,0.5,37.0,37.0,99.0,59.0,50.0,33.0,44.0,115.0,37.0,0
Trollhaugen,Wisconsin,1200,260,0,0.0,0,0,2,0,1,5,8,24.0,4.0,0.5,86.0,86.0,130.0,69.0,50.0,54.0,54.0,120.0,86.0,0
Tyrol Basin,Wisconsin,1160,300,0,0.0,0,0,0,3,0,2,5,18.0,5.0,0.5,32.0,32.0,112.0,61.0,41.0,17.0,48.0,103.0,32.0,0
Whitecap Mountain,Wisconsin,1750,400,0,0.0,0,0,1,0,4,0,5,43.0,1.0,1.0,400.0,300.0,105.0,57.0,200.0,60.0,60.0,118.0,0.0,0
Wilmot Mountain,Wisconsin,1030,230,0,0.0,0,0,3,2,2,3,10,23.0,2.0,0.5,135.0,135.0,125.0,81.0,70.0,56.0,66.0,139.0,135.0,0
Grand Targhee Resort,Wyoming,9920,2270,0,0.0,0,2,2,0,0,1,5,95.0,1.0,2.7,2602.0,0.0,152.0,50.0,500.0,90.0,90.0,152.0,0.0,1
Hogadon Basin,Wyoming,8000,640,0,0.0,0,0,0,0,1,1,2,28.0,1.0,0.6,92.0,32.0,121.0,61.0,80.0,48.0,48.0,95.0,0.0,1
Snow King Resort,Wyoming,7808,1571,0,0.0,0,0,1,1,1,0,3,32.0,2.0,1.0,400.0,250.0,121.0,80.0,300.0,59.0,59.0,123.0,110.0,1
Snowy Range Ski & Recreation Area,Wyoming,9663,990,0,0.0,0,0,0,1,3,1,5,33.0,2.0,0.7,75.0,30.0,131.0,59.0,250.0,49.0,49.0,117.42796610169492,0.0,1
